input_id,lang,en_Scenario1,en_Scenario2,translation
90,hi,"As I was driving home, it started to pour.","As I was walking home, it started to pour.","जैसे ही मैं घर जा रहा था, बारिश होने लगी।"
146,hi,I drove a mile out of my way because the store near me was closed.,I walked a mile out of my way because the store near me was closed.,मैं अपने रास्ते से एक मील दूर चला गया क्योंकि मेरे पास की दुकान बंद थी।
291,hi,I accidentally drove into a wall because I wasn't looking up.,I accidentally ran into a wall because I wasn't looking up.,मैं गलती से एक दीवार में चला गया क्योंकि मैं ऊपर नहीं देख रहा था.
909,hi,I walked home from after school practice in the rain.,I drove home from after school practice in the rain.,मैं बारिश में स्कूल के बाद अभ्यास से घर चला गया.
1110,hi,I notice that My coffee  from the barista is hot and  fresh today.,I notice that My coffee from the barista is warm and  fresh today.,मैंने देखा कि मेरी बारिस्टा की कॉफी आज गर्म और ताजा है।
2053,hi,I am getting an umbrella out because it's pouring.,I am getting an umbrella out because it's drizzling.,मैं एक छतरी निकाल रहा हूँ क्योंकि बारिश हो रही है।
4039,hi,I hiked to the airport and bought a ticket.,I drove to the airport and bought a ticket.,मैं हवाई अड्डे गया और एक टिकट खरीदा।
90,ne,"As I was driving home, it started to pour.","As I was walking home, it started to pour.",म घर जाँदै गर्दा पानी पर्न थाल्यो।
727,ne,"As I took out my new school books, I noticed some page corners bent.","As I took out my new school books, I noticed some markings on the pages.",नयाँ पाठयपुस्तकहरू निकाल्दै गर्दा
978,ne,Since I have a green thumb I might be able to grow anything.,Since I have a green thumb I can grow anything.,मसँग हरियो औंला भएको हुनाले म जे पनि खेती गर्न सक्छु।
1110,ne,I notice that My coffee  from the barista is hot and  fresh today.,I notice that My coffee from the barista is warm and  fresh today.,मैले देखेको छु कि मेरो कफी आज तातो र ताजा छ।
1162,ne,Today I unfortunately got a hole in my shoe.,Today I unfortunately got a hole in my sock.,आज दुर्भाग्यवश मेरो जुत्तामा एउटा प्वाल भयो।
1514,ne,I had a cold and was able to breathe using two nostrils.,I had a cold and was able to breathe using one nostril.,"न्युयोर्क, अमेरीका"
2053,ne,I am getting an umbrella out because it's pouring.,I am getting an umbrella out because it's drizzling.,म एउटा छाता निकाल्दै छु किनकि पानी परिरहेको छ।
14,de,I won a free bouquet of daisies in a radio contest.,I won a free bouquet of orchards in a radio contest.,Ich habe in einem Radio-Wettbewerb einen Blumenstrauß gewonnen.
3699,de,"When I brought my kids to the movies, there were only R-rated options.","When I brought my kids to the movies, there were only PG-rated options.","Als ich meine Kinder ins Kino brachte, gab es nur Optionen für Erwachsene."
3804,de,I fell down and broke both of my legs,I fell down and broke both of my legs The orthopedic said I might not be able to walk for a month,Ich bin gefallen und habe mir beide Beine gebrochen .
4183,de,"I started exercising more and lost some weight. I started exercising more and lost some weight, but then I gained some of it back.","I started exercising more and lost some weight. I started exercising more and lost some weight, but then I gained all of it back.","Ich begann mehr Sport zu treiben und verlor etwas Gewicht. Ich begann mehr Sport zu treiben und verlor etwas Gewicht, aber dann nahm es wieder zu."
114,zh,I noticed I had a stain on my shirt while watching a presentation in class.,I noticed I had a stain on my shirt while giving a presentation in class.,"我注意到我衫上有个污点,"
395,zh,I rented a VHS tape and found that the previous viewer had recorded over it.,I rented a VHS tape and found that the previous viewer had forgotten to rewind it.,"我租了一张VHS录像带,"
462,zh,"When I skied down to the bottom of the mountain, my ski strap broke and needed to be fixed.","When I got off the lift at the top of the mountain, my ski strap broke and needed to be fixed.","我的滑雪皮带坏了, 需要修理."
515,zh,I bought a box of chocolates and pretended they tasted rich and creamy.,I bought a box of chocolates and pretended they were from my bae.,"我买了一盒巧克力,"
682,zh,I saw the beautiful waterfalls of Niagara and my sister almost fell in.,I saw the beautiful waterfalls of Niagara and my sister tripped over her own feet.,"我看到了尼亚加拉美丽的布,"
711,zh,"I took a sip of beer on a hot day, and it was warm as bathwater.","I took a sip of beer on a hot day, and it was ice cold.","我在炎热的一天喝了一口酒,"
725,zh,"My ex gave me a gift right before we broke up, she then asked for it back.","My ex gave me a gift right before we broke up, it was a watch that I still wear till this day.","我的前任给了我一个礼物, 就在我们分手之前,"
744,zh,"I saw my neighbor run out of her garage with an open purse, yelling at her teenage son that he'd taken her credit card, but he floored it out of the driveway and was soon out of sight.","I saw my neighbor run out of her garage with an open purse, yelling at her teenage son that he'd taken her credit card, so he turned the car around and pulled back into the driveway, looking ashamed.","我看到我的邻居跑出车库, 拿着开的钱包, 着她的十几岁的儿子说他拿走了她的信用卡,"
813,zh,My exercise program didn’t work because I didn’t lose any weight.,My exercise program didn’t work because I gained more weight.,"我的炼计划没有起作用,"
840,zh,"I left my jacket in the theater and when I went to look for it later, it was no where to be found.","I left my jacket in the theater and when I went to look for it later, it was in the lost and found.","我把克留在剧院里, 当我后来去找时,"
885,zh,My husband promised me a Siberian Husky puppy for my birthday but got me a Chihuahua puppy instead.,My husband promised me a Siberian Husky puppy for my birthday but got me a goldfish instead.,"我丈夫答应给我一个西伯利亚哈斯基小狗作为生日礼物,"
974,zh,"I decided to get a gym membership, i paid a lot for it","I decided to get a gym membership, it was cheap","我决定买一个健身房的会员,"
1022,zh,"When I went to the meeting in the boardroom, there was interesting news that the person who was always interested in ruining someone's reputation, had given a promotion and would be our supervisor in two weeks.","When I went to the meeting in the boardroom, there was interesting news that the person who was always interested in ruining someone's reputation, had given their notice and would be gone in two weeks.","当我去董事会会议时, 有个有趣的消息, 一直有兴趣毁掉别人的声誉的人,"
1044,zh,My office held a weight loss competition but I actually gained some weight.,My office held a weight loss competition and I lost the most of anyone.,"我的办公室举办了一场减肥比赛,"
1050,zh,I am a strict vegan and was served a burrito made with Beans and rice.,I am a strict vegan and was served a burrito made with Beans and cheddar cheese.,"我是一个严格的素食主义者,"
1089,zh,"I installed a new dishwasher, there was a problem though, there was a leak but the water was off.","I installed a new dishwasher, there was a problem though, there was a leak but the water was on.","我安装了一台新的洗碗机,"
1167,zh,I tried to turn the TV on with my remote when I noticed that the TV was broken.,I tried to turn the TV on with my remote when I noticed that the remote was broken.,"我试着用遥控器打开电视,"
1427,zh,"I knew my son would soon find disillusionment if he kept going to the casino, and he did seem to be going less often.","I knew my son would soon find disillusionment if he kept going to the casino, and he did seem to be going more often.","我知道如果他继续去场, 儿子很快就会失望,"
1434,zh,"I needed to cash my work check, and was able to do so after I drove to my bank.","I needed to cash my work check, and was able to do so from my bank phone app.","我需要现我的工作支票,"
1458,zh,I got my cholesterol down to the low numbers within range.,I got my cholesterol down to the high numbers within range.,"我已经降低胆固醇水平,"
1477,zh,"I received an unexpected package and when I opened it, it was a new scarf from my husband.","I received an unexpected package and when I opened it, it was a designer bag from my husband.","我收到了一个意想不到的包裹,当我打开它,"
1500,zh,I like to try out new things even though I am sometimes disappointed.,I like to try out new things even though I am frequently disappointed.,"我喜欢尝试新事物,"
1530,zh,"When it was my turn to bowl, I knocked down several pins.","When it was my turn to bowl, I threw a gutter ball.","当轮到我打碗的时候,"
1634,zh,I was given a season pass to the parks because I volunteer there.,I was given a day pass to the parks because I volunteer there.,因为我在那里做志愿者.
1652,zh,"I was too tired to hand out candy on Halloween, so the kids skipped my house.","I was too tired to hand out candy on Halloween, so the kids egged my house.","我太累了, 无法在万圣节上分发糖果,"
1827,zh,I have a teenage daughter who want to be a museum docent.,I have a teenage daughter who wants to hang out at the soda shop.,"我有一个十几岁的女儿,"
1902,zh,I tried to return a laptop that I broke when I opened the box.,I tried to return a laptop that was already broken when I opened the box.,"我试图返还一台笔记本电脑,"
1935,zh,"When I brushed my teeth this morning, I was out of mint toothpaste, so I used baking soda instead.","When I brushed my teeth this morning, I was out of mint toothpaste, so I used cherry toothpaste instead.","今天早上刷牙的时候, 薄荷牙膏已经用完了,"
2192,zh,"I bought a new truck last month, the ride isn't as smooth as my last one.","I bought a new truck last month, it gets half the gas mileage.","我上个月买了一辆新卡车,"
2319,zh,"I ordered a book online but when it arrived, I realized it was in a different language.","I ordered a book online but when it arrived, I realized it was longer than I expected.","我在网上订购了一本书,"
2577,zh,I bought a bag of socks and there were not as many pairs as listed.,I bought a bag of socks and there were more pairs than listed.,"我买了一袋子,"
2678,zh,I bought a pair of jeans that didn't fit and had to return them for store credit.,I bought a pair of jeans that didn't fit and had to return them to get my money back.,"我买了一双不合身的牛仔,"
2686,zh,My brother and I were playing tug of war when I let go of the rope and knocked over the chair.,My brother and I were playing tug of war when I let go of the rope and knocked over the glass vase.,"我和弟弟正在玩拉战,"
2736,zh,"When I went to the library to do my homework, there was an extensive line for the computers.","When I went to the library to do my homework, there was no line for the computers.","当我去图书馆做作业时,"
2783,zh,I reported the annoying illegal fireworks to local authorities and the fireworks are continuing.,I reported the annoying illegal fireworks to local authorities and someone was cited.,"我向当地当局报告了令人讨厌的非法烟花,"
2811,zh,"I mentioned to my sister that, although the museum had a lot of artifacts, there was water all over them.","I mentioned to my sister that, although the museum had a lot of artifacts, there was dust all over them.","我告诉姐姐,虽然博物馆里有很多文物,"
2860,zh,I got called into the principal's office because I had been awarded perfect attendance.,I got called into the principal's office because I had been named Valedictorian.,"我被叫到校长办公室,"
3156,zh,"I called my Real estate agent, I found out the offer I made on the house, under asking, has been countered for much higher.","I called my Real estate agent, I found out the offer I made on the house, under asking, has not yet been accepted.","我打电话给我的房地产经纪人, 我发现我对房子的报价,"
3341,zh,"Because I misbehaved in class, I had detention after school.","Because I misbehaved in class, I had detention on Saturday.","因为我在课堂上表现不好,"
3364,zh,I was diagnosed with a rare skin condition and my cousin had beat her cancer diagnosis.,I was diagnosed with a rare skin condition and my cousin's cancer was spreading.,"我被诊断出患有罕见的皮肤病,"
3437,zh,I just tasted an aged container of yogurt that I got for Christmas.,I just tasted an aged wheel of cheese that I got for Christmas.,我刚刚尝到了圣诞节送给我的老奶酪.
3536,zh,I wanted to go to a rock concert and my parent's insisted that my teenage cousin would come along.,I wanted to go to a rock concert and my parent's insisted that they would come along.,"我想要去一场摇滚音乐会,"
3578,zh,"My friend and I were looking for the beach party that we'd heard was happening, when we spotted it down the coast a little way.","My friend and I were looking for the beach party that we'd heard was happening, but it just turned out to be a yoga class on the beach; some party!","我和朋友正在寻找我们听说的海派对,"
3621,zh,My daughter's kindergarten teacher told me my son's test scores were average.,My daughter's kindergarten teacher told me my son's test scores were off the chart.,"我女儿的幼儿园老师告诉我,"
3631,zh,"The computer crashed and I lost all my hard work, but I had a recent backup.","The computer crashed and I lost all my hard work, but I had an older backup.","电脑崩了,我失去了所有辛苦的工作,"
3651,zh,I have very unpleasant pollen allergies that are triggered for a month in early spring.,I have very unpleasant pollen allergies that are triggered year round by numerous plant species.,"我有非常不愉快的花粉过敏,"
3661,zh,I got called into the principal's office because I had thrown a spit ball at a teacher.,I got called into the principal's office because I had thrown a spit ball at a student.,"我被叫到校长办公室,"
3699,zh,"When I brought my kids to the movies, there were only R-rated options.","When I brought my kids to the movies, there were only PG-rated options.","当我带孩子去看电影时,"
3735,zh,"I went swimming with my brother and he told me he had to pee, so he did it right next to me.","I went swimming with my brother and he told me he had to pee, so he got out and did it.","我和哥哥一起去游泳, 他告诉我他要尿,"
3736,zh,"I ate some leftover pasta from my fridge, where the flavors intensified.","I ate some leftover pasta from my fridge, where the flavors started to go off.","我从冰箱里吃了一些剩下的意大利面,"
3786,zh,"At the end of a long day at the beach, I was as red as a lobster.","At the end of a long day at the beach, I was somehow as white as plaster.","在海漫长的一天结束时,"
3956,zh,"I called my Real estate agent, I found out there is an offer on my house, for the asking price.","I called my Real estate agent, I found out there is an offer on my house, over the asking price.","我打电话给我的房地产经纪人, 我发现有对我的房子的报价,"
3993,zh,I paid double for an item at the pharmacy.,I paid less for an item at the pharmacy.,"我在药房买了一件东西,"
4055,zh,I won the hot dog eating contest but had my stomach pumped.,I won the hot dog eating contest but had a tummy ache.,"我赢得了吃热狗的比赛,"
4219,zh,"I went to play the violin in front of the whole school, and nailed it.","I went to play the violin in front of the whole school, and started a beat early.","我在整个学校面前去演奏小提琴,"
4236,zh,I am a strict vegan and was served a vegan pizza with bacon bits.,I am a strict vegan and was served a vegan pizza with broccoli.,"我是一个严格的素食主义者,"
4264,zh,"I lost my place in line at the supermarket because I had to go back and get something I forgot but when I got back to the checkout line, it was all the way down the aisle.","I lost my place in line at the supermarket because I had to go back and get something I forgot but when I got back to the checkout line, it was empty.","我在超市的排队中失去了我的位置, 因为我不得不回去拿一些我忘记的东西,"
289,es,I cut the lawn that was too tall with the riding mower.,I cut the lawn that was too tall with the walking mower.,Corté el césped que era demasiado alto con la cortacésped.
1110,es,I notice that My coffee  from the barista is hot and  fresh today.,I notice that My coffee from the barista is warm and  fresh today.,Me doy cuenta de que mi café del barista está caliente y fresco hoy.
2053,es,I am getting an umbrella out because it's pouring.,I am getting an umbrella out because it's drizzling.,Estoy sacando un paraguas porque está lloviendo.
3765,es,My student gave me a cupcake today to celebrate.,My student gave me a cake today to celebrate.,Mi estudiante me dio un pastel hoy para celebrar.
84,fr,I bought party hats for my guests and bought one bag too few.,I bought party hats for my guests and bought one bag too many.,J'ai acheté des chapeaux de fête pour mes invités et j'ai acheté un sac de trop.
146,fr,I drove a mile out of my way because the store near me was closed.,I walked a mile out of my way because the store near me was closed.,J'ai dévié d'un kilomètre car le magasin près de chez moi était fermé.
291,fr,I accidentally drove into a wall because I wasn't looking up.,I accidentally ran into a wall because I wasn't looking up.,J'ai accidentellement heurté un mur parce que je ne regardais pas en haut.
1110,fr,I notice that My coffee  from the barista is hot and  fresh today.,I notice that My coffee from the barista is warm and  fresh today.,J'ai remarqué que mon café du barista est chaud et frais aujourd'hui.
1118,fr,"I  won the game, I out pitched the junior high school team.","I won the game, I out pitched the high school team.","J'ai gagné le match, j'ai éliminé l'équipe du lycée."
1195,fr,I couldn't see clearly while driving home because I didn't have my glasses.,I couldn't see clearly while walking home because I didn't have my glasses.,Je ne pouvais pas voir clairement en rentrant chez moi parce que je n'avais pas mes lunettes.
1579,fr,"At the grocery store, I knocked over a can of peaches.","At the grocery store, I knocked over a case of peaches.","À l'épicerie, j'ai renversé une boîte de pêches."
2995,fr,"I got to give a speech at my College Graduation, I am the valedictorian.","I got to give a speech at my high school Graduation, I am the valedictorian.","Je dois faire un discours à ma remise des diplômes, je suis la meilleure."
4039,fr,I hiked to the airport and bought a ticket.,I drove to the airport and bought a ticket.,Je suis allé à l'aéroport et j'ai acheté un billet.
4209,fr,"During my gymnastics meet, I over rotated off the vault and landed on my knees.","During my gymnastics practice, I over rotated off the vault and landed on my knees.","Pendant mon entraînement de gymnastique, j'ai tourné sur la voûte et j'ai atterri sur mes genoux."
